{
	"format_version": "1.8.0",
	"animations": {
		"stun": {
			"loop": true,
			"animation_length": 1.3333,
			"bones": {
				"armorHead": {
					"rotation": {
						"0.0": {
							"vector": [29.24769, 6.27967, -13.64973]
						},
						"0.33": {
							"vector": [57.5, 0, 0]
						},
						"0.67": {
							"vector": [33.34411, -11.31335, 16.60179]
						},
						"1.0": {
							"vector": [-17.5, 0, 0]
						},
						"1.33": {
							"vector": [29.24769, 6.27967, -13.64973]
						}
					},
					"position": {
						"0.0": {
							"vector": [-1, 0, -2]
						},
						"0.33": {
							"vector": [0, -1, -5]
						},
						"0.67": {
							"vector": [1, 0, -2]
						},
						"1.0": {
							"vector": [0, -1, 5]
						},
						"1.33": {
							"vector": [-1, 0, -2]
						}
					}
				},
				"armorBody": {
					"rotation": {
						"0.0": {
							"vector": [12.39638, 1.61888, -7.32417]
						},
						"0.33": {
							"vector": [25, 0, 0]
						},
						"0.67": {
							"vector": [12.39638, -1.61888, 7.32417]
						},
						"1.0": {
							"vector": [-25, 0, 0]
						},
						"1.33": {
							"vector": [12.39638, 1.61888, -7.32417]
						}
					},
					"position": {
						"0.0": {
							"vector": [-1, 0, -2]
						},
						"0.33": {
							"vector": [0, -0.9, -4.7]
						},
						"0.67": {
							"vector": [1, 0, -2]
						},
						"1.0": {
							"vector": [0, -0.9, 4.3]
						},
						"1.33": {
							"vector": [-1, 0, -2]
						}
					}
				},
				"armorRightArm": {
					"rotation": {
						"0.0": {
							"vector": [9.92289, 1.08068, 10.12046]
						},
						"0.33": {
							"vector": [-23.14478, -3.69631, 13.75719]
						},
						"0.67": {
							"vector": [9.96, -0.65, 19.97]
						},
						"1.0": {
							"vector": [6.85522, -3.69631, 13.75719]
						},
						"1.33": {
							"vector": [9.92289, 1.08068, 10.12046]
						}
					},
					"position": {
						"0.0": {
							"vector": [-1.3, -0.4, -2]
						},
						"0.33": {
							"vector": [0, -1, -4]
						},
						"0.67": {
							"vector": [0.6, 0.5, -1.9]
						},
						"1.0": {
							"vector": [0, -1, 3]
						},
						"1.33": {
							"vector": [-1.3, -0.4, -2]
						}
					}
				},
				"armorLeftArm": {
					"rotation": {
						"0.0": {
							"vector": [14.00418, -1.91887, -19.08941]
						},
						"0.33": {
							"vector": [-28.12297, 4.39801, -9.45499]
						},
						"0.67": {
							"vector": [9.53819, 3.10178, -12.12032]
						},
						"1.0": {
							"vector": [11.87703, 4.39801, -9.45499]
						},
						"1.33": {
							"vector": [14.00418, -1.91887, -19.08941]
						}
					},
					"position": {
						"0.0": {
							"vector": [-0.6, 0.3, -1.6]
						},
						"0.33": {
							"vector": [0, -2, -4]
						},
						"0.67": {
							"vector": [1.5, -0.8, -1.6]
						},
						"1.0": {
							"vector": [0, -1, 4]
						},
						"1.33": {
							"vector": [-0.6, 0.3, -1.6]
						}
					}
				},
				"armorLeftLeg": {
					"rotation": {
						"0.0": {
							"vector": [12.5, 0, 0]
						},
						"0.33": {
							"vector": [2.5, 0, 0]
						},
						"0.67": {
							"vector": [12.5, 0, 0]
						},
						"1.0": {
							"vector": [2.5, 0, 0]
						},
						"1.33": {
							"vector": [12.5, 0, 0]
						}
					},
					"position": {
						"0.0": {
							"vector": [0, 0, 1]
						},
						"0.33": {
							"vector": [0, 0, -0.3]
						},
						"0.67": {
							"vector": [0, 0, 1]
						},
						"1.0": {
							"vector": [0, 0, -0.3]
						},
						"1.33": {
							"vector": [0, 0, 1]
						}
					}
				},
				"armorRightLeg": {
					"position": {
						"0.0": {
							"vector": [0, 0, 0]
						},
						"0.33": {
							"vector": [0, 0, -1]
						},
						"0.67": {
							"vector": [0, 0, 0]
						},
						"1.0": {
							"vector": [0, 0, -1]
						},
						"1.33": {
							"vector": [0, 0, 0]
						}
					}
				}
			}
		},
		"laughing": {
			"loop": true,
			"animation_length": 3,
			"bones": {
				"armorHead": {
					"rotation": {
						"0.0": {
							"vector": [-20, 0, 0]
						},
						"0.0833": {
							"vector": [-7.5, 0, 0]
						},
						"0.1667": {
							"vector": [-22.5, 0, 0]
						},
						"0.25": {
							"vector": [-7.5, 0, 0]
						},
						"0.3333": {
							"vector": [-22.5, 0, 0]
						},
						"0.4167": {
							"vector": [-12.5, 0, 0]
						},
						"0.5": {
							"vector": [-22.5, 0, 0]
						},
						"0.5833": {
							"vector": [-7.5, 0, 0]
						},
						"0.6667": {
							"vector": [-17.5, 0, 0]
						},
						"0.75": {
							"vector": [2.5, 0, 0]
						},
						"0.9583": {
							"vector": [-27.5, 0, 0]
						},
						"1.0417": {
							"vector": [-17.5, 0, 0]
						},
						"1.125": {
							"vector": [-32.5, 0, 0]
						},
						"1.2083": {
							"vector": [-15, 0, 0]
						},
						"1.2917": {
							"vector": [-27.5, 0, 0]
						},
						"1.375": {
							"vector": [-15, 0, 0]
						},
						"1.4583": {
							"vector": [-22.5, 0, 0]
						},
						"1.5417": {
							"vector": [0.38, 0, 0]
						},
						"1.625": {
							"vector": [-13.33, 0, 0]
						},
						"1.7083": {
							"vector": [0.19, 0, 0]
						},
						"1.7917": {
							"vector": [-18.08, 0, 0]
						},
						"1.875": {
							"vector": [-8.85, 0, 0]
						},
						"1.9583": {
							"vector": [-6.92, 0, 0]
						},
						"2.375": {
							"vector": [3.89, 0, 0]
						},
						"2.5": {
							"vector": [-7.83, 0, 0]
						},
						"2.625": {
							"vector": [2.06, 0, 0]
						},
						"3.0": {
							"vector": [-20, 0, 0]
						}
					},
					"position": {
						"0.0": {
							"vector": [0, 0, 3]
						},
						"0.9583": {
							"vector": [0, 0, -5]
						},
						"3.0": {
							"vector": [0, 0, 3]
						}
					}
				},
				"armorBody": {
					"rotation": {
						"0.0": {
							"vector": [-17.5, 0, 0]
						},
						"0.9583": {
							"vector": [20, 0, 0]
						},
						"3.0": {
							"vector": [-17.5, 0, 0]
						}
					},
					"position": {
						"0.0": {
							"vector": [0, 0, 3]
						},
						"0.9583": {
							"vector": [0, 0, -4]
						},
						"3.0": {
							"vector": [0, 0, 3]
						}
					}
				},
				"armorRightArm": {
					"rotation": {
						"0.0": {
							"vector": [-132.79487, -18.88952, 16.68541]
						},
						"0.9583": {
							"vector": [58.97483, -6.13451, 8.58014]
						},
						"1.125": {
							"vector": [57.63389, -16.77772, 15.27202]
						},
						"1.2917": {
							"vector": [65.82402, -12.53999, 12.53009]
						},
						"1.4583": {
							"vector": [57.63389, -16.77772, 15.27202]
						},
						"1.625": {
							"vector": [65.82402, -12.53999, 12.53009]
						},
						"2.2083": {
							"vector": [-121.75394, -19.501, 17.01471]
						},
						"3.0": {
							"vector": [-132.79487, -18.88952, 16.68541]
						}
					},
					"position": {
						"0.0": {
							"vector": [0, 0, 3]
						},
						"0.9583": {
							"vector": [0, 0, -3]
						},
						"3.0": {
							"vector": [0, 0, 3]
						}
					}
				},
				"armorLeftArm": {
					"rotation": {
						"0.0": {
							"vector": [-130.67815, 9.54385, -20.61019]
						},
						"0.9583": {
							"vector": [52.5, 0, -12.5]
						},
						"1.125": {
							"vector": [52.07555, 7.9185, -18.62673]
						},
						"1.2917": {
							"vector": [62.08, 7.92, -18.63]
						},
						"1.4583": {
							"vector": [52.07555, 7.9185, -18.62673]
						},
						"1.625": {
							"vector": [62.08, 7.92, -18.63]
						},
						"2.7083": {
							"vector": [-8.01, 8.51, -19.35]
						},
						"3.0": {
							"vector": [-130.67815, 9.54385, -20.61019]
						}
					},
					"position": {
						"0.0": {
							"vector": [0, 0, 3]
						},
						"0.9583": {
							"vector": [0, 0, -3]
						},
						"3.0": {
							"vector": [0, 0, 3]
						}
					}
				},
				"armorRightLeg": {
					"position": {
						"0.0": {
							"vector": [0, 0, 0.2]
						},
						"0.9583": {
							"vector": [0, 0, -1]
						},
						"3.0": {
							"vector": [0, 0, 0.3]
						}
					}
				}
			}
		},
		"shocked": {
			"loop": true,
			"animation_length": 0.25,