{
    "format_version": "1.8.0",
    "animations": {
        "swipe": {
            "animation_length": 0.375,
            "bones": {
                "armorLeftArm": {
                    "rotation": {
                        "0.0": [
                            0,
                            0,
                            0
                        ],
                        "0.125": [
                            -137.81374,
                            17.3877,
                            -18.2489
                        ],
                        "0.25": [
                            -27.81374,
                            17.3877,
                            -18.2489
                        ]
                    },
                    "position": {
                        "0.0": [
                            0,
                            0,
                            0
                        ],
                        "0.25": [
                            0,
                            0,
                            -2
                        ]
                    }
                },
                "armorRightArm": {
                    "rotation": {
                        "0.0": [
                            0,
                            0,
                            0
                        ],
                        "0.125": [
                            -137.81374,
                            -17.38772,
                            18.2489
                        ],
                        "0.25": [
                            -27.81374,
                            -17.38772,
                            18.2489
                        ]
                    },
                    "position": {
                        "0.0": [
                            0,
                            0,
                            0
                        ],
                        "0.25": [
                            0,
                            0,
                            -2
                        ]
                    }
                },
                "armorHead": {
                    "rotation": {
                        "0.125": [
                            0,
                            0,
                            0
                        ],
                        "0.25": [
                            12.5,
                            0,
                            0
                        ]
                    }
                }
            }
        }
    }
}