{
	"format_version": "1.8.0",
	"animations": {
		"thunderclap": {
			"animation_length": 0.33,
			"bones": {
				"armorHead": {
					"rotation": {
						"0.11": [3.01144, -4.99313, 9.73766],
						"0.22": [8, 0, 3],
						"0.3": [0, 0, 0]
					},
					"position": {
						"0.11": [1, -2, 0],
						"0.22": [1, -2, -3],
						"0.3": [0, 0, 0]
					},
					"scale": 1
				},
				"armorBody": {
					"rotation": {
						"0.11": [-5.67102, -37.67033, 5.66253],
						"0.22": [13, -2, 3],
						"0.3": [0, 0, 0]
					},
					"position": {
						"0.11": [0, -1, 0.75],
						"0.22": [0, -1, -5],
						"0.3": [0, 0, 0]
					},
					"scale": 1
				},
				"armorRightArm": {
					"rotation": {
						"0.11": [-180, -75, 78],
						"0.16": [-46, -20, -44],
						"0.19": [-130, 29, -54],
						"0.22": [-248, 45, -177],
						"0.3": [0, 0, 0]
					},
					"position": {
						"0.11": [5, -1, -4],
						"0.16": [1, -1, -5],
						"0.22": [0, -1, -3],
						"0.3": [0, 0, 0]
					},
					"scale": 1
				},
				"armorLeftArm": {
					"rotation": {
						"0.11": [-26, -52, -35],
						"0.22": [0, 13, -36],
						"0.3": [0, 0, 0]
					},
					"position": {
						"0.11": [-4, -2, 5],
						"0.22": [1, -2, -3],
						"0.3": [0, 0, 0]
					},
					"scale": 1
				},
				"armorRightLeg": {
					"rotation": {
						"0.11": [0, 0, 0],
						"0.22": [0, 0, 0],
						"0.3": [0, 0, 0]
					},
					"position": {
						"0.11": [0, 0, -1],
						"0.22": [0, 0, -2],
						"0.3": [0, 0, 0]
					},
					"scale": 1
				},
				"armorLeftLeg": {
					"rotation": {
						"0.11": [10, -20, -10],
						"0.22": [15, -5, -2],
						"0.3": [0, 0, 0]
					},
					"position": {
						"0.11": [0, 0, 0],
						"0.22": [0, 0, -1],
						"0.3": [0, 0, 0]
					},
					"scale": 1
				},
				"body": {
					"rotation": {
						"0.0": [0, 0, 0],
						"0.11": [0, 0, 0],
						"0.22": [0, 0, 0],
						"0.3": [0, 0, 0]
					},
					"position": {
						"0.0": [0, 0, 0],
						"0.11": [0, 0, 0],
						"0.22": [0, 0, 0],
						"0.3": [0, 0, 0]
					},
					"scale": {
						"0.0": [1, 1, 1],
						"0.3": [1, 1, 1]
					}
				}
			}
		}
	}
}