{
	"format_version": "1.8.0",
	"animations": {
		"bat_slam": {
			"animation_length": 1.9167,
			"bones": {
				"body": {
					"rotation": {
						"0.0": [0, 0, 0],
						"1.4167": [360, 0, 0],
						"1.9167": [360, 0, 0]
					}
				},
				"armorRightLeg": {
					"rotation": {
						"0.0": [0, 0, 0],
						"0.25": [15, 0, 0],
						"1.4167": [0, 0, 0],
						"1.5833": [60, 0, 0],
						"1.75": [60, 0, 0],
						"1.9167": [0, 0, 0]
					},
					"position": {
						"0.0": [0, 0, 0],
						"0.25": [0, 4, -3],
						"1.4167": [0, 0, 0],
						"1.5833": [0.16, -4.15, 0],
						"1.75": [0.185, -4.275, 0.2],
						"1.9167": [0, 0, 0]
					}
				},
				"armorLeftLeg": {
					"rotation": {
						"0.0": [0, 0, 0],
						"0.25": [15, 0, 0],
						"1.4167": [17.5, 0, 0],
						"1.5833": [-0.75, 0, 0],
						"1.75": [-0.75, 0, 0],
						"1.9167": [0, 0, 0]
					},
					"position": {
						"0.0": [0, 0, 0],
						"0.25": [0, 4, -3],
						"1.2083": [0, 0, 0.075],
						"1.4167": [0, 0, -1.65],
						"1.5833": [-0.25, -0.53, -1.65],
						"1.75": [-0.15, -0.53, -1.65],
						"1.9167": [0, 0, 0]
					}
				},
				"armorLeftArm": {
					"rotation": {
						"0.0": [0, 0, 0],
						"0.25": [-37.5, 0, 32.5],
						"1.2083": [-101.82048, 31.06775, 37.58535],
						"1.4167": [-77.32048, 31.06775, 37.58535],
						"1.5833": [7.46782, -5.01788, 22.50938],
						"1.75": [-20.45269, 3.78846, 27.75552],
						"1.9167": [0, 0, 0]
					},
					"position": {
						"1.2083": [-0.15, 0, 0],
						"1.4167": [-0.15, 0, -1.9],
						"1.5833": [-0.775, -9.925, -4.35],
						"1.75": [-0.775, -7.925, -4.35],
						"1.9167": [0, 0, 0]
					}
				},
				"armorRightArm": {
					"rotation": {
						"0.0": [0, 0, 0],
						"0.25": [-37.05239, -2.55868, -19.8423],
						"1.2083": [-98.72407, -30.78194, -27.7365],
						"1.4167": [-90.91894, -29.61959, -28.96624],
						"1.5833": [11.32361, -0.98321, -24.82054],
						"1.75": [-24.05274, -12.06515, -21.87603],
						"1.9167": [0, 0, 0]
					},
					"position": {
						"1.2083": [0, 0, 0],
						"1.4167": [0, 0, -1.4],
						"1.5833": [0.775, -10.125, -3.9],
						"1.75": [0.775, -8.125, -3.9],
						"1.9167": [0, 0, 0]
					}
				},
				"armorBody": {
					"rotation": {
						"1.2083": [0, 0, 0],
						"1.4167": [18.75, 0, 0],
						"1.5833": [71.5, 0, 0],
						"1.75": [56.5, 0, 0],
						"1.9167": [0, 0, 0]
					},
					"position": {
						"1.2083": [0, 0, 0],
						"1.4167": [0, 0, -2],
						"1.5833": [0, -11, -5],
						"1.75": [0, -8, -5],
						"1.9167": [0, 0, 0]
					}
				},
				"armorHead": {
					"rotation": {
						"1.2083": [0, 0, 0],
						"1.4167": [14.75, 0, 0],
						"1.5833": [44, 0, 0],
						"1.75": [44, 0, 0],
						"1.9167": [0, 0, 0]
					},
					"position": {
						"1.2083": [0, 0, 0],
						"1.4167": [0, 0, -2.3],
						"1.5833": [0, -9.97, -5.45],
						"1.75": [0, -7.97, -5.45],
						"1.9167": [0, 0, 0]
					}
				}
			}
		}
	}
}