{
    "format_version": "1.8.0",
    "animations": {
        "bash2": {
            "animation_length": 0.8333,
            "bones": {
                "armorLeftArm": {
                    "rotation": {
                        "0.0": [
                            0,
                            0,
                            0
                        ],
                        "0.1667": [
                            -121.29603,
                            -70.03341,
                            -1.27102
                        ],
                        "0.25": [
                            -145.01318,
                            -77.49602,
                            23.35092
                        ],
                        "0.375": [
                            -101.48736,
                            35.20554,
                            3.80429
                        ]
                    },
                    "position": {
                        "0.0": [
                            0,
                            0,
                            0
                        ],
                        "0.1667": [
                            1,
                            -1,
                            -1
                        ],
                        "0.25": [
                            1,
                            -1,
                            -1
                        ],
                        "0.375": [
                            0,
                            -1,
                            0
                        ]
                    }
                },
                "armorRightArm": {
                    "rotation": {
                        "0.0": [
                            0,
                            0,
                            0
                        ],
                        "0.1667": [
                            -81.70338,
                            15.71067,
                            12.17888
                        ],
                        "0.25": [
                            -81.87148,
                            10.76188,
                            11.44538
                        ],
                        "0.375": [
                            -85.6066,
                            -26.94353,
                            4.98882
                        ]
                    },
                    "position": {
                        "0.0": [
                            0,
                            0,
                            0
                        ],
                        "0.1667": [
                            -0.25,
                            -1,
                            0.5
                        ],
                        "0.25": [
                            -0.25,
                            -1,
                            0.5
                        ],
                        "0.375": [
                            0,
                            -1,
                            0
                        ]
                    }
                },
                "armorBody": {
                    "rotation": {
                        "0.0": [
                            0,
                            0,
                            0
                        ],
                        "0.1667": [
                            -10,
                            0,
                            0
                        ],
                        "0.375": [
                            2.5,
                            0,
                            0
                        ]
                    },
                    "position": {
                        "0.0": [
                            0,
                            0,
                            0
                        ],
                        "0.1667": [
                            0,
                            -1,
                            2
                        ],
                        "0.375": [
                            0,
                            -1,
                            -0.5
                        ]
                    }
                },
                "armorHead": {
                    "rotation": {
                        "0.0": [
                            0,
                            0,
                            0
                        ],
                        "0.1667": [
                            -2.5,
                            0,
                            0
                        ],
                        "0.25": [
                            0,
                            0,
                            0
                        ],
                        "0.375": [
                            2.5,
                            0,
                            0
                        ]
                    },
                    "position": {
                        "0.0": [
                            0,
                            0,
                            0
                        ],
                        "0.1667": [
                            0,
                            -1,
                            2
                        ],
                        "0.25": [
                            0,
                            -1,
                            0.5
                        ],
                        "0.375": [
                            0,
                            -1,
                            -0.5
                        ]
                    }
                }
            }
        }
    }
}