{
    "format_version": "1.8.0",
    "animations": {
        "inject": {
            "animation_length": 0.5,
            "bones": {
                "armorRightArm": {
                    "rotation": {
                        "0.0": [
                            0,
                            0,
                            0
                        ],
                        "0.0625": [
                            -139.10661,
                            20.70481,
                            -22.20766
                        ],
                        "0.1875": [
                            -16.83488,
                            4.65442,
                            -24.18443
                        ]
                    },
                    "position": {
                        "0.0": [
                            0,
                            0,
                            0
                        ],
                        "0.1875": [
                            0,
                            0,
                            -2
                        ]
                    }
                }
            }
        }
    }
}