{
    "format_version": "1.8.0",
    "animations": {
        "climbing": {
            "loop": true,
            "animation_length": 0.8333,
            "bones": {
                "armorHead": {
                    "rotation": [
                        "linear",
                        "linear",
                        "linear"
                    ],
                    "position": [
                        "linear",
                        "linear",
                        "linear"
                    ]
                },
                "armorBody": {
                    "rotation": {
                        "0.0": [
                            10,
                            0,
                            0
                        ],
                        "0.2917": [
                            10,
                            -20,
                            0
                        ],
                        "0.4167": [
                            10,
                            0,
                            0
                        ],
                        "0.7083": [
                            10,
                            20,
                            0
                        ],
                        "0.8333": [
                            10,
                            0,
                            0
                        ]
                    },
                    "position": [
                        "linear",
                        "linear",
                        "linear"
                    ]
                },
                "armorRightArm": {
                    "rotation": {
                        "0.4167": [
                            -98.88927,
                            4.599,
                            27.1424
                        ],
                        "0.7083": [
                            -100.16974,
                            29.2661,
                            22.8492
                        ],
                        "0.8333": [
                            -88.89282,
                            -0.4,
                            27.0456
                        ]
                    },
                    "position": {
                        "0.4167": [
                            -0.5,
                            0,
                            -2
                        ],
                        "0.7083": [
                            -0.5,
                            0,
                            0
                        ],
                        "0.8333": [
                            -0.5,
                            0,
                            -2
                        ]
                    }
                },
                "armorLeftArm": {
                    "rotation": {
                        "0.0": [
                            -98.88927,
                            -4.59902,
                            -27.14238
                        ],
                        "0.2917": [
                            -100.16974,
                            -29.26615,
                            -22.84917
                        ],
                        "0.4167": [
                            -88.89282,
                            0.40005,
                            -27.04557
                        ]
                    },
                    "position": {
                        "0.0": [
                            0.5,
                            0,
                            -2
                        ],
                        "0.2917": [
                            0.5,
                            0,
                            0
                        ],
                        "0.4167": [
                            0.5,
                            0,
                            -2
                        ]
                    }
                },
                "armorRightLeg": {
                    "rotation": [
                        "linear",
                        "linear",
                        "linear"
                    ],
                    "position": {
                        "0.4167": [
                            0,
                            0,
                            0
                        ],
                        "0.7083": [
                            0,
                            3,
                            -3
                        ],
                        "0.8333": [
                            0,
                            0,
                            0
                        ]
                    }
                },
                "armorRightBoot": {
                    "rotation": [
                        "linear",
                        "linear",
                        "linear"
                    ],
                    "position": {
                        "0.4167": [
                            0,
                            0,
                            0
                        ],
                        "0.7083": [
                            0,
                            3,
                            -3
                        ],
                        "0.8333": [
                            0,
                            0,
                            0
                        ]
                    }
                },
                "armorLeftLeg": {
                    "rotation": [
                        "linear",
                        "linear",
                        "linear"
                    ],
                    "position": {
                        "0.0": [
                            0,
                            0,
                            0
                        ],
                        "0.2917": [
                            0,
                            3,
                            -3
                        ],
                        "0.4167": [
                            0,
                            0,
                            0
                        ]
                    }
                },
                "armorLeftBoot": {
                    "rotation": [
                        "linear",
                        "linear",
                        "linear"
                    ],
                    "position": {
                        "0.0": [
                            0,
                            0,
                            0
                        ],
                        "0.2917": [
                            0,
                            3,
                            -3
                        ],
                        "0.4167": [
                            0,
                            0,
                            0
                        ]
                    }
                }
            }
        },
        "latch": {
            "loop": "hold_on_last_frame",
            "animation_length": 0.2083,
            "bones": {
                "armorLeftArm": {
                    "rotation": {
                        "0.0": [
                            0,
                            0,
                            0
                        ],
                        "0.125": [
                            -77.5,
                            0,
                            -37.5
                        ],
                        "0.2083": [
                            -87.07362,
                            14.63639,
                            -34.18086
                        ]
                    },
                    "position": {
                        "0.0": [
                            0,
                            0,
                            0
                        ],
                        "0.125": [
                            0,
                            0,
                            -2
                        ]
                    }
                },