{
    "format_version": "1.8.0",
    "animations": {
        "lunge": {
            "animation_length": 1,
            "bones": {
                "body": {
                    "rotation": {
                        "0.125": [
                            12.5,
                            0,
                            0
                        ],
                        "1.0": [
                            12.5,
                            0,
                            0
                        ]
                    }
                },
                "armorRightLeg": {
                    "rotation": {
                        "0.125": [
                            14.94548,
                            -1.29256,
                            4.83045
                        ],
                        "1.0": [
                            14.94548,
                            -1.29256,
                            4.83045
                        ]
                    }
                },
                "armorLeftLeg": {
                    "rotation": {
                        "0.125": [
                            14.94548,
                            1.29256,
                            -4.83045
                        ],
                        "1.0": [
                            14.94548,
                            1.29256,
                            -4.83045
                        ]
                    }
                },
                "armorLeftArm": {
                    "rotation": {
                        "0.125": [
                            -72.76565,
                            -1.78239,
                            -11.0276
                        ],
                        "1.0": [
                            -72.76565,
                            -1.78239,
                            -11.0276
                        ]
                    }
                },
                "armorRightArm": {
                    "rotation": {
                        "0.125": [
                            -75.22137,
                            2.25882,
                            10.941
                        ],
                        "1.0": [
                            -75.22137,
                            2.25882,
                            10.941
                        ]
                    }
                },
                "armorHead": {
                    "rotation": {
                        "0.125": [
                            5,
                            0,
                            0
                        ],
                        "1.0": [
                            5,
                            0,
                            0
                        ]
                    }
                }
            }
        }
    }
}