{
    "format_version": "1.8.0",
    "animations": {
        "katana_blitz_1hand": {
            "animation_length": 1,
            "bones": {
                "armorRightArm": {
                    "rotation": {
                        "0.0": [
                            0,
                            0,
                            0
                        ],
                        "0.125": [
                            -119.18246,
                            23.7695,
                            -7.98205
                        ],
                        "0.25": [
                            -40.55133,
                            -25.87422,
                            -32.57073
                        ],
                        "0.375": [
                            -163.9399,
                            79.6249,
                            -61.6544
                        ],
                        "0.5": [
                            -31.70399,
                            -0.9893,
                            -59.4229
                        ],
                        "0.625": [
                            -119.18246,
                            23.7695,
                            -7.98205
                        ],
                        "0.75": [
                            -59.92214,
                            -73.81366,
                            19.41203
                        ],
                        "0.875": [
                            -163.9399,
                            79.6249,
                            -61.6544
                        ],
                        "1.0": [
                            -31.70399,
                            -0.9893,
                            -59.4229
                        ]
                    },
                    "scale": {
                        "0.0": {
                            "post": [
                                1,
                                1,
                                1
                            ],
                            "lerp_mode": "catmullrom"
                        }
                    }
                },
                "armorBody": {
                    "rotation": {
                        "0.0": [
                            0,
                            0,
                            0
                        ],
                        "0.125": [
                            0,
                            20,
                            0
                        ],
                        "0.25": [
                            0,
                            -20,
                            0
                        ],
                        "0.375": [
                            0,
                            20,
                            0
                        ],
                        "0.5": [
                            0,
                            20,
                            0
                        ],
                        "0.625": [
                            0,
                            -20,
                            0
                        ],
                        "0.75": [
                            0,
                            20,
                            0
                        ],
                        "0.875": [
                            0,
                            20,
                            0
                        ],
                        "1.0": [
                            0,
                            -20,
                            0
                        ]
                    },
                    "scale": {
                        "0.0": {
                            "post": [
                                1,
                                1,
                                1
                            ],
                            "lerp_mode": "catmullrom"
                        }
                    }
                }
            }
        },
        "katana_blitz_2hand": {
            "animation_length": 1,
            "bones": {
                "armorLeftArm": {
                    "rotation": {
                        "0.0": [
                            0,
                            0,
                            0
                        ],
                        "0.125": [
                            0,
                            0,
                            -25
                        ],
                        "0.25": [
                            -163.93985,
                            -79.62494,
                            61.65443
                        ],
                        "0.375": [
                            -31.70399,
                            0.98934,
                            59.42288
                        ],
                        "0.5": [
                            0,
                            0,
                            -25
                        ],
                        "0.625": [
                            -163.93985,
                            -79.62494,
                            61.65443
                        ],
                        "0.75": [
                            -31.70399,
                            0.98934,
                            59.42288
                        ],
                        "0.875": [
                            0,
                            0,
                            -25
                        ],
                        "1.0": [
                            -163.93985,
                            -79.62494,
                            61.65443
                        ]
                    },
                    "scale": {
                        "0.0": {
                            "post": [
                                1,
                                1,
                                1
                            ],
                            "lerp_mode": "catmullrom"
                        }
                    }
                },
                "armorRightArm": {
                    "rotation": {
                        "0.0": [
                            0,
                            0,
                            0
                        ],
                        "0.125": [
                            -119.18246,
                            23.7695,
                            -7.98205
                        ],
                        "0.25": [
                            -59.92214,
                            -73.81366,
                            19.41203
                        ],
                        "0.375": [
                            6.14827,
                            2.05974,
                            17.92999
                        ],
                        "0.5": [
                            -119.18246,
                            23.7695,
                            -7.98205
                        ],
                        "0.625": [
                            -59.92214,
                            -73.81366,
                            19.41203
                        ],
                        "0.75": [
                            6.14827,
                            2.05974,
                            17.92999
                        ],
                        "0.875": [
                            -119.18246,
                            23.7695,
                            -7.98205
                        ],
                        "1.0": [
                            -59.92214,
                            -73.81366,
                            19.41203
                        ]
                    },
                    "scale": {
                        "0.0": {
                            "post": [
                                1,
                                1,
                                1
                            ],