{
    "format_version": "1.8.0",
    "animations": {
        "tornado_kick": {
            "animation_length": 1.375,
            "bones": {
                "armorHead": {
                    "rotation": {
                        "0.0": [
                            0,
                            0,
                            0
                        ],
                        "0.125": [
                            14.5,
                            -22.5,
                            0
                        ],
                        "0.25": [
                            -20.59125,
                            -85.49258,
                            27.30683
                        ],
                        "0.3333": [
                            -163.72816,
                            -73.55543,
                            182.9044
                        ],
                        "0.4583": [
                            -154.8921,
                            1.21933,
                            182.18265
                        ],
                        "0.5833": [
                            -219.1216,
                            86.20141,
                            118.84238
                        ],
                        "0.6667": [
                            -342.86425,
                            33.72707,
                            -0.65895
                        ],
                        "0.7083": [
                            -346.65679,
                            1.80442,
                            0.51664
                        ],
                        "0.9583": [
                            -346.65679,
                            1.80442,
                            0.51664
                        ],
                        "1.0833": [
                            -352.60301,
                            14.8369,
                            -12.24264
                        ],
                        "1.3333": [
                            -359.80537,
                            0.59227,
                            -1.77223
                        ]
                    },
                    "position": {
                        "0.7083": [
                            0,
                            0,
                            0
                        ],
                        "0.8333": [
                            0,
                            5,
                            0
                        ],
                        "0.9583": [
                            0,
                            5,
                            0
                        ],
                        "1.0833": [
                            -3.025,
                            -1,
                            3.6
                        ],
                        "1.3333": [
                            0,
                            -1,
                            0
                        ]
                    }
                },
                "armorBody": {
                    "rotation": {
                        "0.0": [
                            0,
                            0,
                            0
                        ],
                        "0.125": [
                            0,
                            -25,
                            0
                        ],
                        "0.25": [
                            0,
                            -90,
                            0
                        ],
                        "0.4583": [
                            0,
                            -180,
                            0
                        ],
                        "0.5833": [
                            0,
                            -272.5,
                            0
                        ],
                        "0.7083": [
                            0,
                            -360,
                            0
                        ],
                        "0.9583": [
                            0,
                            -360,
                            0
                        ],
                        "1.0833": [
                            -24.09999,
                            -338.59416,
                            -18.84359
                        ],
                        "1.3333": [
                            -0.65554,
                            -358.59941,
                            -0.93071
                        ]
                    },
                    "position": {
                        "0.7083": [
                            0,
                            0,
                            0
                        ],
                        "0.8333": [
                            0,
                            5,
                            0
                        ],
                        "0.9583": [
                            0,
                            5,
                            0
                        ],
                        "1.0833": [
                            -2.4,
                            -0.875,
                            3.4
                        ],
                        "1.3333": [
                            0,
                            -0.87,
                            0
                        ]
                    }
                },
                "armorRightArm": {
                    "rotation": {
                        "0.0": [
                            0,
                            0,
                            0
                        ],
                        "0.125": [
                            -2.27348,
                            -22.39078,
                            5.95003
                        ],
                        "0.25": [
                            -121.7467,
                            -75.82782,
                            126.31666
                        ],
                        "0.4583": [
                            -169.00924,
                            5.52183,
                            169.57423
                        ],
                        "0.5833": [
                            -263.90741,
                            73.22747,
                            96.73243
                        ],
                        "0.7083": [
                            -345.64163,
                            -9.13234,
                            21.25423
                        ],
                        "1.0833": [
                            -345.64163,
                            -9.13234,
                            21.25423
                        ],
                        "1.3333": [
                            -357.00064,
                            -3.38776,
                            3.89022
                        ]
                    },
                    "position": {
                        "0.0": [
                            0,
                            0,
                            0
                        ],
                        "0.125": [
                            0.725,
                            0,
                            -1.475
                        ],
                        "0.25": [
                            4.73,
                            0,
                            -4.48
                        ],
                        "0.4583": [
                            7.73,
                            0,
                            0.52
                        ],
                        "0.5833": [
                            4.73,
                            0,
                            4.07
                        ],
                        "0.7083": [
                            -0.27,
                            0,
                            0.07
                        ],