{
    "format_version": "1.8.0",
    "animations": {
        "kick2": {
            "animation_length": 0.75,
            "bones": {
                "armorHead": {
                    "rotation": {
                        "0.0": [
                            0,
                            0,
                            0
                        ],
                        "0.0833": [
                            5.23268,
                            29.53696,
                            -11.57407
                        ],
                        "0.25": [
                            5.23268,
                            29.53696,
                            -11.57407
                        ],
                        "0.3333": [
                            0,
                            0,
                            0
                        ]
                    },
                    "position": {
                        "0.0": [
                            0,
                            0,
                            0
                        ],
                        "0.0833": [
                            0.05,
                            -0.575,
                            4.2
                        ],
                        "0.25": [
                            0.05,
                            -0.575,
                            4.2
                        ],
                        "0.3333": [
                            0,
                            0,
                            0
                        ]
                    }
                },
                "armorBody": {
                    "rotation": {
                        "0.0": [
                            0,
                            0,
                            0
                        ],
                        "0.0833": [
                            -38.06394,
                            35.80852,
                            -24.61562
                        ],
                        "0.25": [
                            -38.06394,
                            35.80852,
                            -24.61562
                        ],
                        "0.3333": [
                            0,
                            0,
                            0
                        ]
                    },
                    "position": {
                        "0.0": [
                            0,
                            0,
                            0
                        ],
                        "0.0833": [
                            0,
                            -1,
                            4
                        ],
                        "0.25": [
                            0,
                            -1,
                            4
                        ],
                        "0.3333": [
                            0,
                            0,
                            0
                        ]
                    }
                },
                "armorRightArm": {
                    "rotation": {
                        "0.0": [
                            0,
                            0,
                            0
                        ],
                        "0.0833": [
                            -27.33696,
                            48.78631,
                            1.751
                        ],
                        "0.25": [
                            -27.33696,
                            48.78631,
                            1.751
                        ],
                        "0.3333": [
                            0,
                            0,
                            0
                        ]
                    },
                    "position": {
                        "0.0": [
                            0,
                            0,
                            0
                        ],
                        "0.0833": [
                            0.775,
                            -2,
                            5.175
                        ],
                        "0.25": [
                            0.775,
                            -2,
                            5.175
                        ],
                        "0.3333": [
                            0,
                            0,
                            0
                        ]
                    }
                },
                "armorLeftArm": {
                    "rotation": {
                        "0.0": [
                            0,
                            0,
                            0
                        ],
                        "0.0833": [
                            -36.61912,
                            30.38751,
                            -30.5429
                        ],
                        "0.25": [
                            -36.61912,
                            30.38751,
                            -30.5429
                        ],
                        "0.3333": [
                            0,
                            0,
                            0
                        ]
                    },
                    "position": {
                        "0.0": [
                            0,
                            0,
                            0
                        ],
                        "0.0833": [
                            -1.1,
                            0.75,
                            0.725
                        ],
                        "0.25": [
                            -1.1,
                            0.75,
                            0.725
                        ],
                        "0.3333": [
                            0,
                            0,
                            0
                        ]
                    }
                },
                "armorLeftLeg": {
                    "rotation": {
                        "0.0": [
                            0,
                            0,
                            0
                        ],
                        "0.0833": [
                            -95.96275,
                            -4.55749,
                            -37.26251
                        ],
                        "0.25": [
                            -95.96275,
                            -4.55749,
                            -37.26251
                        ],
                        "0.3333": [
                            0,
                            0,
                            0
                        ]
                    },
                    "position": {
                        "0.0": [
                            0,
                            0,
                            0
                        ],
                        "0.0833": [
                            0,
                            2.925,
                            -3.95
                        ],
                        "0.25": [
                            0,
                            2.925,
                            -3.95
                        ],
                        "0.3333": [
                            0,
                            0,
                            0
                        ]
                    }
                },
                "armorRightLeg": {
                    "rotation": {
                        "0.0": [
                            0,
                            0,
                            0
                        ],
                        "0.0833": [
                            0,
                            43.25,
                            0
                        ],
                        "0.25": [
                            0,
                            43.25,
                            0
                        ],