{
    "format_version": "1.8.0",
    "animations": {
        "kick3": {
            "animation_length": 0.3333,
            "bones": {
                "armorHead": {
                    "rotation": {
                        "0.0": [
                            0,
                            0,
                            0
                        ],
                        "0.0833": [
                            -37.78899,
                            30.19724,
                            -59.33035
                        ],
                        "0.25": [
                            -37.78899,
                            30.19724,
                            -59.33035
                        ],
                        "0.3333": [
                            0,
                            0,
                            0
                        ]
                    },
                    "position": {
                        "0.0": [
                            0,
                            0,
                            0
                        ],
                        "0.0833": [
                            0,
                            -2,
                            7
                        ],
                        "0.25": [
                            0,
                            -2,
                            7
                        ],
                        "0.3333": [
                            0,
                            0,
                            0
                        ]
                    }
                },
                "armorBody": {
                    "rotation": {
                        "0.0": [
                            0,
                            0,
                            0
                        ],
                        "0.0833": [
                            -82.3435,
                            44.74398,
                            -84.59744
                        ],
                        "0.25": [
                            -82.3435,
                            44.74398,
                            -84.59744
                        ],
                        "0.3333": [
                            0,
                            0,
                            0
                        ]
                    },
                    "position": {
                        "0.0": [
                            0,
                            0,
                            0
                        ],
                        "0.0833": [
                            0.4,
                            -2,
                            7
                        ],
                        "0.25": [
                            0.4,
                            -2,
                            7
                        ],
                        "0.3333": [
                            0,
                            0,
                            0
                        ]
                    }
                },
                "armorRightArm": {
                    "rotation": {
                        "0.0": [
                            0,
                            0,
                            0
                        ],
                        "0.0833": [
                            -24.42566,
                            86.97944,
                            -24.45567
                        ],
                        "0.25": [
                            -24.42566,
                            86.97944,
                            -24.45567
                        ],
                        "0.3333": [
                            0,
                            0,
                            0
                        ]
                    },
                    "position": {
                        "0.0": [
                            0,
                            0,
                            0
                        ],
                        "0.0833": [
                            4.775,
                            -4,
                            8.625
                        ],
                        "0.25": [
                            4.775,
                            -4,
                            8.625
                        ],
                        "0.3333": [
                            0,
                            0,
                            0
                        ]
                    }
                },
                "armorLeftArm": {
                    "rotation": {
                        "0.0": [
                            0,
                            0,
                            0
                        ],
                        "0.0833": [
                            -63.37108,
                            20.6501,
                            -87.92035
                        ],
                        "0.25": [
                            -63.37108,
                            20.6501,
                            -87.92035
                        ],
                        "0.3333": [
                            0,
                            0,
                            0
                        ]
                    },
                    "position": {
                        "0.0": [
                            0,
                            0,
                            0
                        ],
                        "0.0833": [
                            -2.925,
                            1.425,
                            2.75
                        ],
                        "0.25": [
                            -2.925,
                            1.425,
                            2.75
                        ],
                        "0.3333": [
                            0,
                            0,
                            0
                        ]
                    }
                },
                "armorLeftLeg": {
                    "rotation": {
                        "0.0": [
                            0,
                            0,
                            0
                        ],
                        "0.0833": [
                            -89.059,
                            -4.86723,
                            -83.471
                        ],
                        "0.25": [
                            -89.059,
                            -4.86723,
                            -83.471
                        ],
                        "0.3333": [
                            0,
                            0,
                            0
                        ]
                    },
                    "position": {
                        "0.0": [
                            0,
                            0,
                            0
                        ],
                        "0.0833": [
                            -0.6,
                            4.7,
                            -3.075
                        ],
                        "0.25": [
                            -0.6,
                            4.7,
                            -3.075
                        ],
                        "0.3333": [
                            0,
                            0,
                            0
                        ]
                    }
                },
                "armorRightLeg": {
                    "rotation": {
                        "0.0": [
                            0,
                            0,
                            0
                        ],
                        "0.0833": [
                            0,
                            92.5,
                            0
                        ],
                        "0.25": [
                            0,
                            92.5,
                            0
                        ],