{
    "format_version": "1.8.0",
    "animations": {
        "unleash": {
            "animation_length": 4.5833,
            "bones": {
                "armorRightLeg": {
                    "rotation": {
                        "0.0": {
                            "post": [
                                0,
                                0,
                                0
                            ],
                            "lerp_mode": "catmullrom"
                        },
                        "0.1667": {
                            "post": [
                                20,
                                0,
                                0
                            ],
                            "lerp_mode": "catmullrom"
                        },
                        "0.4167": {
                            "post": [
                                22.16108,
                                -3.80529,
                                9.25451
                            ],
                            "lerp_mode": "catmullrom"
                        },
                        "4.5833": {
                            "post": [
                                0,
                                0,
                                0
                            ],
                            "lerp_mode": "catmullrom"
                        }
                    }
                },
                "armorLeftArm": {
                    "rotation": {
                        "0.0": [
                            0,
                            0,
                            0
                        ],
                        "0.1667": [
                            -100,
                            -72.5,
                            0
                        ],
                        "0.25": [
                            -127.81988,
                            -72.5,
                            0
                        ],
                        "0.3333": [
                            -100,
                            -72.5,
                            0
                        ],
                        "0.4167": [
                            -82.21548,
                            27.07802,
                            -7.2499
                        ],
                        "0.75": [
                            -84.86146,
                            25.29923,
                            3.72039
                        ],
                        "4.4167": [
                            -84.86146,
                            25.29923,
                            3.72039
                        ],
                        "4.5833": [
                            0,
                            0,
                            0
                        ]
                    },
                    "position": {
                        "0.0": [
                            0,
                            0,
                            0
                        ],
                        "0.1667": [
                            1,
                            -1,
                            -1
                        ],
                        "0.3333": [
                            1,
                            -1,
                            -1
                        ],
                        "0.4167": [
                            0,
                            -1,
                            -2
                        ],
                        "0.75": [
                            0,
                            -1,
                            -2
                        ],
                        "4.4167": [
                            0,
                            -1,
                            -2
                        ],
                        "4.5833": [
                            0,
                            0,
                            0
                        ]
                    }
                },
                "armorRightArm": {
                    "rotation": {
                        "0.0": [
                            0,
                            0,
                            0
                        ],
                        "0.1667": [
                            -100,
                            72.5,
                            0
                        ],
                        "0.25": [
                            -108.90107,
                            72.5,
                            0
                        ],
                        "0.3333": [
                            -100,
                            72.5,
                            0
                        ],
                        "0.4167": [
                            -82.21548,
                            -27.07802,
                            7.2499
                        ],
                        "0.75": [
                            -83.53098,
                            -25.82141,
                            -1.01023
                        ],
                        "4.4167": [
                            -83.53098,
                            -25.82141,
                            -1.01023
                        ],
                        "4.5833": [
                            0,
                            0,
                            0
                        ]
                    },
                    "position": {
                        "0.0": [
                            0,
                            0,
                            0
                        ],
                        "0.1667": [
                            -1,
                            -1,
                            -1
                        ],
                        "0.3333": [
                            -1,
                            -1,
                            -1
                        ],
                        "0.4167": [
                            0,
                            -1,
                            -2
                        ],
                        "0.75": [
                            0,
                            -1,
                            -2
                        ],
                        "4.4167": [
                            0,
                            -1,
                            -2
                        ],
                        "4.5833": [
                            0,
                            0,
                            0
                        ]
                    }
                },
                "armorBody": {
                    "rotation": {
                        "0.0": [
                            0,
                            0,
                            0
                        ],
                        "0.1667": [
                            -10,
                            0,
                            0
                        ],
                        "0.3333": [
                            10,
                            0,
                            0
                        ],
                        "0.75": [
                            10,
                            0,
                            0
                        ],
                        "4.5833": [
                            0,
                            0,
                            0
                        ]
                    },
                    "position": {
                        "0.0": [
                            0,
                            0,
                            0
                        ],
                        "0.1667": [
                            0,
                            -1,
                            2
                        ],
                        "0.3333": [
                            0,
                            -1,
                            -2
                        ],