{
    "format_version": "1.8.0",
    "animations": {
        "unleash_hold": {
            "animation_length": 1,
            "bones": {
                "armorRightLeg": {
                    "rotation": {
                        "0.0": {
                            "post": [
                                22.16108,
                                -3.80529,
                                9.25451
                            ],
                            "lerp_mode": "catmullrom"
                        },
                        "1.0": {
                            "post": [
                                22.16108,
                                -3.80529,
                                9.25451
                            ],
                            "lerp_mode": "catmullrom"
                        }
                    }
                },
                "armorLeftArm": {
                    "rotation": {
                        "0.0": [
                            -82.21548,
                            27.07802,
                            -7.2499
                        ],
                        "0.3333": [
                            -84.86146,
                            25.29923,
                            3.72039
                        ],
                        "1.0": [
                            -82.21548,
                            27.07802,
                            -7.2499
                        ]
                    },
                    "position": {
                        "0.0": [
                            0,
                            -1,
                            -2
                        ],
                        "0.3333": [
                            0,
                            -1,
                            -2
                        ],
                        "1.0": [
                            0,
                            -1,
                            -2
                        ]
                    }
                },
                "armorRightArm": {
                    "rotation": {
                        "0.0": [
                            -82.21548,
                            -27.07802,
                            7.2499
                        ],
                        "0.3333": [
                            -83.53098,
                            -25.82141,
                            -1.01023
                        ],
                        "1.0": [
                            -82.21548,
                            -27.07802,
                            7.2499
                        ]
                    },
                    "position": {
                        "0.0": [
                            0,
                            -1,
                            -2
                        ],
                        "0.3333": [
                            0,
                            -1,
                            -2
                        ],
                        "1.0": [
                            0,
                            -1,
                            -2
                        ]
                    }
                },
                "armorBody": {
                    "rotation": [
                        10,
                        0,
                        0
                    ],
                    "position": [
                        0,
                        -1,
                        -2
                    ]
                },
                "armorHead": {
                    "position": {
                        "0.3333": {
                            "pre": [
                                0,
                                -0.56,
                                -2.19
                            ],
                            "post": [
                                0,
                                -0.56,
                                -2.19
                            ],
                            "lerp_mode": "catmullrom"
                        }
                    }
                },
                "armorRightBoot": {
                    "rotation": {
                        "0.0": {
                            "post": [
                                22.16108,
                                -3.80529,
                                9.25451
                            ],
                            "lerp_mode": "catmullrom"
                        },
                        "1.0": {
                            "post": [
                                22.16108,
                                -3.80529,
                                9.25451
                            ],
                            "lerp_mode": "catmullrom"
                        }
                    }
                },
                "armorLeftLeg": {
                    "rotation": {
                        "0.0": [
                            0,
                            0,
                            -7.5
                        ],
                        "1.0": [
                            0,
                            0,
                            -7.5
                        ]
                    }
                },
                "armorLeftBoot": {
                    "rotation": {
                        "0.0": [
                            0,
                            0,
                            -7.5
                        ],
                        "1.0": [
                            0,
                            0,
                            -7.5
                        ]
                    }
                }
            }
        }
    }
}