{
    "format_version": "1.8.0",
    "animations": {
        "roar": {
            "animation_length": 1,
            "bones": {
                "body": {
                    "rotation": {
                        "0.0": [
                            0,
                            0,
                            0
                        ],
                        "0.4167": [
                            -5,
                            0,
                            0
                        ],
                        "1.0": [
                            0,
                            0,
                            0
                        ]
                    }
                },
                "armorLeftArm": {
                    "rotation": {
                        "0.0": [
                            0,
                            0,
                            0
                        ],
                        "0.4167": [
                            -112.62906,
                            -47.72648,
                            17.1423
                        ],
                        "1.0": [
                            0,
                            0,
                            0
                        ]
                    }
                },
                "armorRightArm": {
                    "rotation": {
                        "0.0": [
                            0,
                            0,
                            0
                        ],
                        "0.4167": [
                            -105.14371,
                            34.05444,
                            -8.61775
                        ],
                        "1.0": [
                            0,
                            0,
                            0
                        ]
                    }
                },
                "armorHead": {
                    "rotation": {
                        "0.0": [
                            0,
                            0,
                            0
                        ],
                        "0.4167": [
                            -20,
                            0,
                            0
                        ],
                        "1.0": [
                            0,
                            0,
                            0
                        ]
                    }
                }
            }
        }
    }
}