{
    "format_version": "1.8.0",
    "animations": {
        "rubble_throw": {
            "animation_length": 0.75,
            "bones": {
                "armorRightLeg": {
                    "rotation": {
                        "0.2083": [
                            -2.5,
                            0,
                            0
                        ],
                        "0.5833": [
                            -2.5,
                            0,
                            0
                        ]
                    },
                    "position": {
                        "0.2083": [
                            0,
                            -0.09,
                            -1.91
                        ],
                        "0.5833": [
                            0,
                            -0.09,
                            -1.91
                        ]
                    }
                },
                "armorLeftLeg": {
                    "rotation": {
                        "0.2083": [
                            12.5,
                            0,
                            0
                        ],
                        "0.5833": [
                            12.5,
                            0,
                            0
                        ],
                        "0.75": [
                            0,
                            0,
                            0
                        ]
                    },
                    "position": {
                        "0.2083": [
                            0,
                            0,
                            1.4
                        ],
                        "0.5833": [
                            0,
                            0,
                            1.4
                        ],
                        "0.75": [
                            0,
                            0,
                            0
                        ]
                    }
                },
                "armorLeftArm": {
                    "rotation": {
                        "0.2083": [
                            -212.9717,
                            13.41918,
                            12.58941
                        ],
                        "0.4167": [
                            -129.38556,
                            5.74237,
                            19.09377
                        ],
                        "0.5": [
                            -63.38938,
                            -3.37166,
                            3.5939
                        ],
                        "0.5833": [
                            -23.38938,
                            -3.37166,
                            3.5939
                        ]
                    },
                    "position": {
                        "0.2083": [
                            0,
                            0,
                            3
                        ],
                        "0.4167": [
                            0,
                            0,
                            -4
                        ]
                    }
                },
                "armorRightArm": {
                    "rotation": {
                        "0.2083": [
                            -215.14522,
                            -3.65231,
                            -12.26559
                        ],
                        "0.4167": [
                            -132.64874,
                            3.71169,
                            -19.03573
                        ],
                        "0.5": [
                            -64.03038,
                            13.35158,
                            -3.68747
                        ],
                        "0.5833": [
                            -24.03038,
                            13.35158,
                            -3.68747
                        ]
                    },
                    "position": {
                        "0.2083": [
                            0,
                            0,
                            3
                        ],
                        "0.4167": [
                            0,
                            0,
                            -4
                        ]
                    }
                },
                "armorBody": {
                    "rotation": {
                        "0.2083": [
                            -15,
                            0,
                            0
                        ],
                        "0.4167": [
                            30,
                            0,
                            0
                        ],
                        "0.5833": [
                            30,
                            0,
                            0
                        ]
                    },
                    "position": {
                        "0.2083": [
                            0,
                            -0.25,
                            3.2
                        ],
                        "0.4167": [
                            0,
                            -1.25,
                            -4.55
                        ],
                        "0.5833": [
                            0,
                            -1.25,
                            -4.55
                        ]
                    }
                },
                "armorHead": {
                    "rotation": {
                        "0.2083": [
                            -12.5,
                            0,
                            0
                        ],
                        "0.4167": [
                            17.5,
                            0,
                            0
                        ],
                        "0.5833": [
                            17.5,
                            0,
                            0
                        ],
                        "0.75": [
                            0,
                            0,
                            0
                        ]
                    },
                    "position": {
                        "0.2083": [
                            0,
                            -0.3,
                            4
                        ],
                        "0.4167": [
                            0,
                            -1.3,
                            -4.5
                        ],
                        "0.5833": [
                            0,
                            -1.3,
                            -4.5
                        ],
                        "0.75": [
                            0,
                            0,
                            0
                        ]
                    }
                }
            }
        }
    }
}