{
    "format_version": "1.8.0",
    "animations": {
        "block": {
            "loop": "hold_on_last_frame",
            "animation_length": 0.5,
            "bones": {
                "bipedRightArm": {
                    "rotation": {
                        "0.0": [
                            0,
                            0,
                            0
                        ],
                        "0.25": [
                            0,
                            -22.5,
                            0
                        ]
                    },
                    "scale": 1
                },
                "armorRightArm": {
                    "rotation": {
                        "0.0": [
                            0,
                            0,
                            0
                        ],
                        "0.25": [
                            -52.5,
                            0,
                            0
                        ],
                        "0.375": [
                            -66.34756,
                            1.11146,
                            -1.88104
                        ],
                        "0.4583": [
                            -85.32391,
                            -5.86542,
                            -2.4504
                        ],
                        "0.5": [
                            -86.9493,
                            -12.86641,
                            12.28827
                        ]
                    },
                    "scale": 1
                },
                "bipedLeftArm": {
                    "rotation": {
                        "0.0": [
                            0,
                            0,
                            0
                        ],
                        "0.1667": [
                            -52.5,
                            0,
                            0
                        ],
                        "0.25": [
                            -50.49364,
                            35.96464,
                            28.95631
                        ],
                        "0.4583": [
                            -63.70265,
                            43.22512,
                            33.32529
                        ]
                    },
                    "scale": 1
                },
                "leftArmBottom": {
                    "rotation": {
                        "0.0": [
                            0,
                            0,
                            0
                        ],
                        "0.0833": [
                            -27.5,
                            0,
                            32.5
                        ],
                        "0.4167": [
                            -50,
                            0,
                            32.5
                        ]
                    },
                    "scale": 1
                },
                "bipedLeftLeg": {
                    "rotation": {
                        "0.0": [
                            0,
                            0,
                            0
                        ],
                        "0.4167": [
                            10,
                            -17,
                            0
                        ]
                    },
                    "position": {
                        "0.0": [
                            0,
                            0,
                            0
                        ],
                        "0.4167": [
                            0,
                            0,
                            -1.3
                        ]
                    },
                    "scale": 1
                },
                "rightArmBottom": {
                    "rotation": {
                        "0.0": [
                            0,
                            0,
                            0
                        ],
                        "0.1667": [
                            -25,
                            0,
                            -47.5
                        ],
                        "0.375": [
                            -47.5,
                            0,
                            -47.5
                        ]
                    },
                    "scale": 1
                }
            }
        },
        "wonderwoman.block": {
            "loop": "hold_on_last_frame",
            "animation_length": 0.5,
            "bones": {
                "bipedRightArm": {
                    "rotation": {
                        "0.0": [
                            0,
                            0,
                            0
                        ],
                        "0.25": [
                            -52.5,
                            0,
                            0
                        ],
                        "0.375": [
                            -66.34756,
                            1.11146,
                            -1.88104
                        ],
                        "0.4583": [
                            -85.32391,
                            -5.86542,
                            -2.4504
                        ],
                        "0.5": [
                            -86.9493,
                            -12.86641,
                            12.28827
                        ]
                    },
                    "position": [
                        0,
                        0,
                        0
                    ],
                    "scale": 1
                },
                "bipedLeftArm": {
                    "rotation": {
                        "0.0": [
                            0,
                            0,
                            0
                        ],
                        "0.1667": [
                            -52.5,
                            0,
                            0
                        ],
                        "0.25": [
                            -50.49364,
                            35.96464,
                            28.95631
                        ],
                        "0.4583": [
                            -63.70265,
                            43.22512,
                            33.32529
                        ]
                    },
                    "position": [
                        0,
                        0,
                        0
                    ],
                    "scale": 1
                },
                "leftArmBottom": {
                    "rotation": {
                        "0.0": [
                            0,
                            0,
                            0
                        ],
                        "0.0833": [
                            -27.5,
                            0,
                            32.5
                        ],
                        "0.4167": [
                            -50,
                            0,
                            32.5
                        ]
                    },
                    "position": [
                        0,
                        0,
                        0
                    ],
                    "scale": 1
                },
                "bipedLeftLeg": {
                    "rotation": {
                        "0.0": [
                            0,
                            0,
                            0
                        ],
                        "0.4167": [
                            10,
                            -17,
                            0
                        ]
                    },
                    "position": {
                        "0.0": [
                            0,
                            0,
                            0
                        ],