{
    "format_version": "1.8.0",
    "animations": {
        "sonic_lift": {
            "animation_length": 0.6667,
            "bones": {
                "armorRightLeg": {
                    "rotation": {
                        "0.0": [
                            0,
                            0,
                            0
                        ],
                        "0.25": [
                            19,
                            0,
                            10
                        ]
                    },
                    "position": {
                        "0.0": [
                            0,
                            0,
                            0
                        ],
                        "0.1667": [
                            0,
                            0,
                            3.57
                        ],
                        "0.25": [
                            0,
                            0,
                            4.85
                        ]
                    }
                },
                "armorLeftLeg": {
                    "rotation": {
                        "0.0": [
                            0,
                            0,
                            0
                        ],
                        "0.25": [
                            6.02387,
                            -0.69405,
                            -3.93942
                        ],
                        "0.5": [
                            24.02785,
                            0.52763,
                            -6.67946
                        ]
                    },
                    "position": {
                        "0.0": [
                            0,
                            0,
                            0
                        ],
                        "0.1667": [
                            0,
                            0.5,
                            3.33
                        ],
                        "0.25": [
                            0,
                            0.75,
                            4.5
                        ]
                    }
                },
                "armorLeftArm": {
                    "rotation": {
                        "0.0": [
                            0,
                            0,
                            0
                        ],
                        "0.25": [
                            22.5,
                            -22.5,
                            -22.5
                        ],
                        "0.5": [
                            39.12864,
                            -18.38159,
                            -27.15812
                        ]
                    }
                },
                "armorRightArm": {
                    "rotation": {
                        "0.0": [
                            0,
                            0,
                            0
                        ],
                        "0.25": [
                            48.94277,
                            5.94383,
                            15.78693
                        ],
                        "0.5": [
                            50.17753,
                            12.44025,
                            23.49283
                        ]
                    }
                },
                "armorBody": {
                    "rotation": {
                        "0.0": [
                            0,
                            0,
                            0
                        ],
                        "0.25": [
                            22.5,
                            0,
                            0
                        ]
                    }
                },
                "armorHead": {
                    "rotation": {
                        "0.0": [
                            22.5,
                            0,
                            0
                        ],
                        "0.0833": [
                            67.5,
                            0,
                            0
                        ],
                        "0.5": [
                            63.75,
                            0,
                            0
                        ]
                    }
                }
            }
        }
    }
}