{
    "format_version": "1.8.0",
    "animations": {
        "sonic_punch": {
            "animation_length": 0.4583,
            "bones": {
                "armorHead": {
                    "rotation": {
                        "0.0": [
                            0,
                            0,
                            0
                        ],
                        "0.0833": [
                            0,
                            5,
                            0
                        ],
                        "0.1667": [
                            0,
                            17.5,
                            0
                        ],
                        "0.25": [
                            0,
                            -2.5,
                            0
                        ],
                        "0.3333": [
                            -0.01723,
                            2.52174,
                            -0.00314
                        ]
                    }
                },
                "armorBody": {
                    "rotation": {
                        "0.0": [
                            0,
                            0,
                            0
                        ],
                        "0.0833": [
                            0,
                            2.5,
                            0
                        ],
                        "0.1667": [
                            0,
                            7.5,
                            0
                        ],
                        "0.25": [
                            0,
                            -12.5,
                            0
                        ],
                        "0.3333": [
                            7.54758,
                            -10.04659,
                            -0.00555
                        ]
                    }
                },
                "armorRightArm": {
                    "rotation": {
                        "0.0": [
                            0,
                            0,
                            0
                        ],
                        "0.0833": [
                            -95,
                            0,
                            0
                        ],
                        "0.1667": [
                            -95.04292,
                            7.4713,
                            -0.6574
                        ],
                        "0.25": [
                            -95.00474,
                            -2.49048,
                            0.21803
                        ],
                        "0.3333": [
                            -95.23615,
                            -17.43405,
                            1.56229
                        ]
                    },
                    "position": {
                        "0.0": [
                            0,
                            0,
                            0
                        ],
                        "0.1667": [
                            0,
                            0,
                            3
                        ],
                        "0.25": [
                            0,
                            0,
                            -2
                        ],
                        "0.3333": [
                            0.78511,
                            0.52628,
                            -3.79317
                        ]
                    }
                },
                "armorLeftArm": {
                    "rotation": {
                        "0.0": [
                            0,
                            0,
                            0
                        ],
                        "0.0833": [
                            -95.04292,
                            7.4713,
                            -0.6574
                        ],
                        "0.1667": [
                            -95,
                            0,
                            0
                        ],
                        "0.3333": [
                            -82.15809,
                            0.23784,
                            -2.62901
                        ]
                    },
                    "position": {
                        "0.0": [
                            0,
                            0,
                            0
                        ],
                        "0.0833": [
                            0,
                            0,
                            -1
                        ],
                        "0.3333": [
                            -0.75153,
                            -0.02077,
                            4.775
                        ]
                    }
                },
                "armorLeftLeg": {
                    "rotation": {
                        "0.0": [
                            -2.5,
                            0,
                            0
                        ],
                        "0.0833": [
                            10.00933,
                            -2.462,
                            -0.43439
                        ],
                        "0.1667": [
                            17.56274,
                            4.76804,
                            1.50701
                        ],
                        "0.25": [
                            10.25313,
                            -9.53274,
                            -3.03513
                        ],
                        "0.3333": [
                            12.54024,
                            0.03399,
                            -0.03215
                        ]
                    },
                    "position": {
                        "0.0": [
                            -0.05,
                            -0.01,
                            -0.26
                        ],
                        "0.25": [
                            -0.05,
                            -0.01,
                            -0.57
                        ],
                        "0.3333": [
                            -0.04863,
                            -0.00512,
                            -2.00801
                        ]
                    }
                },
                "armorRightLeg": {
                    "rotation": {
                        "0.0": [
                            0,
                            0,
                            0
                        ],
                        "0.0833": [
                            -5.00474,
                            2.49048,
                            -0.21803
                        ],
                        "0.1667": [
                            -12.60443,
                            7.32123,
                            -1.63219
                        ],
                        "0.25": [
                            -12.68664,
                            -9.76061,
                            2.18558
                        ],
                        "0.3333": [
                            15.9,
                            7.2,
                            5.82
                        ]
                    },
                    "position": {
                        "0.0": [
                            0,
                            0,
                            0
                        ],
                        "0.0833": [
                            0,
                            0,
                            -1
                        ],
                        "0.3333": [
                            -0.03483,
                            0.00732,
                            0.95996
                        ]
                    }
                }
            }
        }
    }
}