{
    "format_version": "1.8.0",
    "animations": {
        "tackle": {
            "animation_length": 0.25,
            "bones": {
                "armorLeftArm": {
                    "rotation": {
                        "0.0": [
                            0,
                            0,
                            0
                        ],
                        "0.125": [
                            -135.24615,
                            -5.29572,
                            5.31848
                        ],
                        "0.25": [
                            -34.39852,
                            -3.21828,
                            -50.00863
                        ]
                    },
                    "position": {
                        "0.0": [
                            0,
                            0,
                            0
                        ],
                        "0.25": [
                            0,
                            0,
                            -2
                        ]
                    }
                },
                "armorRightArm": {
                    "rotation": {
                        "0.0": [
                            0,
                            0,
                            0
                        ],
                        "0.125": [
                            -135.24614,
                            5.2957,
                            -5.31847
                        ],
                        "0.25": [
                            -50.71831,
                            15.16909,
                            37.13039
                        ]
                    },
                    "position": {
                        "0.0": [
                            0,
                            0,
                            0
                        ],
                        "0.25": [
                            0,
                            0,
                            -2
                        ]
                    }
                },
                "armorHead": {
                    "rotation": {
                        "0.125": [
                            0,
                            0,
                            0
                        ],
                        "0.25": [
                            12.5,
                            0,
                            0
                        ]
                    }
                },
                "body": {
                    "rotation": {
                        "0.0": [
                            0,
                            0,
                            0
                        ],
                        "0.25": [
                            9.42205,
                            -37.12482,
                            -5.71946
                        ]
                    }
                },
                "armorRightLeg": {
                    "rotation": [
                        0,
                        0,
                        12.5
                    ]
                },
                "armorRightBoot": {
                    "rotation": [
                        0,
                        0,
                        12.5
                    ]
                },
                "armorLeftLeg": {
                    "rotation": [
                        1.6575,
                        -12.39135,
                        -7.67995
                    ]
                },
                "armorLeftBoot": {
                    "rotation": [
                        1.6575,
                        -12.39135,
                        -7.67995
                    ]
                }
            }
        }
    }
}