{
    "format_version": "1.8.0",
    "animations": {
        "thoratic_invasion": {
            "animation_length": 0.5,
            "override_previous_animation": true,
            "bones": {
                "body": {
                    "rotation": {
                        "0.0": [
                            0,
                            0,
                            0
                        ],
                        "0.0417": [
                            31.51303,
                            -42.934,
                            -22.66667
                        ]
                    },
                    "position": {
                        "0.0": [
                            0,
                            0,
                            0
                        ],
                        "0.0417": [
                            -0.3,
                            -2,
                            -6
                        ]
                    }
                },
                "armorHead": {
                    "rotation": {
                        "0.0": [
                            -12.5,
                            0,
                            0
                        ],
                        "0.0417": [
                            -7.62067,
                            42.20192,
                            2.11511
                        ]
                    }
                },
                "armorRightArm": {
                    "rotation": [
                        -105.73888,
                        39.23595,
                        0.00839
                    ],
                    "position": [
                        0,
                        0,
                        0
                    ]
                },
                "armorLeftArm": {
                    "rotation": [
                        11.10491,
                        11.71778,
                        -15.62315
                    ]
                },
                "armorRightLeg": {
                    "rotation": {
                        "0.0": [
                            7.88098,
                            23.27399,
                            4.42169
                        ],
                        "0.0417": [
                            1.82609,
                            33.60134,
                            27.72579
                        ]
                    }
                },
                "armorLeftLeg": {
                    "rotation": {
                        "0.0": [
                            -14.00238,
                            21.07593,
                            -13.0634
                        ],
                        "0.0417": [
                            -21.50238,
                            21.07593,
                            -13.0634
                        ]
                    },
                    "position": {
                        "0.0": [
                            0,
                            0,
                            2
                        ],
                        "0.0417": [
                            0,
                            0,
                            2
                        ]
                    }
                },
                "armorRightBoot": {
                    "rotation": {
                        "0.0": [
                            7.88098,
                            23.27399,
                            4.42169
                        ],
                        "0.0417": [
                            1.82609,
                            33.60134,
                            27.72579
                        ]
                    }
                },
                "armorLeftBoot": {
                    "rotation": {
                        "0.0": [
                            -14.00238,
                            21.07593,
                            -13.0634
                        ],
                        "0.0417": [
                            -21.50238,
                            21.07593,
                            -13.0634
                        ]
                    },
                    "position": {
                        "0.0": [
                            0,
                            0,
                            2
                        ],
                        "0.0417": [
                            0,
                            0,
                            2
                        ]
                    }
                },
                "armorBody": {
                    "rotation": {
                        "0.0": [
                            0,
                            22.5,
                            0
                        ],
                        "0.0833": [
                            4.34921,
                            24.24932,
                            2.34056
                        ]
                    },
                    "position": [
                        0,
                        0,
                        1.25
                    ]
                }
            }
        }
    }
}