{
    "format_version": "1.8.0",
    "animations": {
        "swing_release": {
            "animation_length": 0.25,
            "bones": {
                "armorRightLeg": {
                    "rotation": {
                        "0.0": [
                            -60.06269,
                            -1.11192,
                            4.62034
                        ],
                        "0.125": [
                            12.39349,
                            -2.19294,
                            4.50352
                        ]
                    },
                    "position": {
                        "0.0": [
                            0,
                            0,
                            -4.2
                        ],
                        "0.125": [
                            0,
                            3,
                            0.8
                        ]
                    }
                },
                "armorLeftLeg": {
                    "rotation": {
                        "0.0": [
                            -47.54608,
                            1.08089,
                            -4.88206
                        ],
                        "0.125": [
                            14.90257,
                            2.37358,
                            -4.71345
                        ]
                    },
                    "position": {
                        "0.0": [
                            0,
                            0,
                            -4.3
                        ],
                        "0.125": [
                            0,
                            3,
                            0.7
                        ]
                    }
                },
                "armorLeftArm": {
                    "rotation": {
                        "0.0": [
                            -139.19146,
                            16.27014,
                            -11.79198
                        ],
                        "0.125": [
                            45.80854,
                            16.27014,
                            -11.79198
                        ]
                    },
                    "position": {
                        "0.0": [
                            0,
                            0,
                            -1
                        ],
                        "0.125": [
                            0,
                            0,
                            3
                        ]
                    }
                },
                "armorRightArm": {
                    "rotation": {
                        "0.0": [
                            -139.19146,
                            -16.27014,
                            11.79198
                        ],
                        "0.125": [
                            50.80854,
                            -16.27014,
                            11.79198
                        ]
                    },
                    "position": {
                        "0.0": [
                            0,
                            0,
                            -1
                        ],
                        "0.125": [
                            0,
                            0,
                            3
                        ]
                    }
                },
                "armorBody": {
                    "rotation": {
                        "0.0": [
                            -32.5,
                            0,
                            0
                        ],
                        "0.125": [
                            0,
                            0,
                            0
                        ]
                    },
                    "position": {
                        "0.0": [
                            0,
                            -1.3,
                            1.6
                        ],
                        "0.125": [
                            0,
                            0,
                            1.6
                        ]
                    }
                },
                "armorHead": {
                    "rotation": {
                        "0.0": [
                            -30,
                            0,
                            0
                        ],
                        "0.125": [
                            0,
                            0,
                            0
                        ]
                    },
                    "position": {
                        "0.0": [
                            0,
                            -1,
                            1
                        ],
                        "0.125": [
                            0,
                            0,
                            2
                        ]
                    }
                }
            }
        }
    }
}