{
    "format_version": "1.8.0",
    "animations": {
        "kick": {
            "animation_length": 0.3333,
            "bones": {
                "armorHead": {
                    "rotation": {
                        "0.0": [
                            0,
                            0,
                            0
                        ],
                        "0.0833": [
                            0,
                            -18,
                            0
                        ],
                        "0.25": [
                            0,
                            -18,
                            0
                        ],
                        "0.3333": [
                            0,
                            0,
                            0
                        ]
                    },
                    "position": {
                        "0.0": [
                            0,
                            0,
                            0
                        ],
                        "0.0833": [
                            0.375,
                            0,
                            0
                        ],
                        "0.25": [
                            0.375,
                            0,
                            0
                        ],
                        "0.3333": [
                            0,
                            0,
                            0
                        ]
                    }
                },
                "armorBody": {
                    "rotation": {
                        "0.0": [
                            0,
                            0,
                            0
                        ],
                        "0.0833": [
                            -21.27998,
                            -40.15842,
                            9.49534
                        ],
                        "0.25": [
                            -21.27998,
                            -40.15842,
                            9.49534
                        ],
                        "0.3333": [
                            0,
                            0,
                            0
                        ]
                    }
                },
                "armorRightArm": {
                    "rotation": {
                        "0.0": [
                            0,
                            0,
                            0
                        ],
                        "0.0833": [
                            -11.45228,
                            -22.37405,
                            28.02219
                        ],
                        "0.25": [
                            -11.45228,
                            -22.37405,
                            28.02219
                        ],
                        "0.3333": [
                            0,
                            0,
                            0
                        ]
                    },
                    "position": {
                        "0.0": [
                            0,
                            0,
                            0
                        ],
                        "0.0833": [
                            0.95,
                            -0.05,
                            -2.925
                        ],
                        "0.25": [
                            0.95,
                            -0.05,
                            -2.925
                        ],
                        "0.3333": [
                            0,
                            0,
                            0
                        ]
                    }
                },
                "armorLeftArm": {
                    "rotation": {
                        "0.0": [
                            0,
                            0,
                            0
                        ],
                        "0.0833": [
                            10.09541,
                            -25.71543,
                            -22.30998
                        ],
                        "0.25": [
                            10.09541,
                            -25.71543,
                            -22.30998
                        ],
                        "0.3333": [
                            0,
                            0,
                            0
                        ]
                    },
                    "position": {
                        "0.0": [
                            0,
                            0,
                            0
                        ],
                        "0.0833": [
                            -0.55,
                            -1,
                            2.225
                        ],
                        "0.25": [
                            -0.55,
                            -1,
                            2.225
                        ],
                        "0.3333": [
                            0,
                            0,
                            0
                        ]
                    }
                },
                "armorLeftLeg": {
                    "rotation": {
                        "0.0": [
                            0,
                            0,
                            0
                        ],
                        "0.0833": [
                            0,
                            -32.5,
                            0
                        ],
                        "0.25": [
                            0,
                            -32.5,
                            0
                        ],
                        "0.3333": [
                            0,
                            0,
                            0
                        ]
                    },
                    "position": {
                        "0.0": [
                            0,
                            0,
                            0
                        ],
                        "0.0833": [
                            0.1,
                            0,
                            -1.6
                        ],
                        "0.25": [
                            0.1,
                            0,
                            -1.6
                        ],
                        "0.3333": [
                            0,
                            0,
                            0
                        ]
                    }
                },
                "armorRightLeg": {
                    "rotation": {
                        "0.0": [
                            0,
                            0,
                            0
                        ],
                        "0.0833": [
                            -90.71348,
                            1.65027,
                            26.92792
                        ],
                        "0.25": [
                            -90.71348,
                            1.65027,
                            26.92792
                        ],
                        "0.3333": [
                            0,
                            0,
                            0
                        ]
                    },
                    "position": {
                        "0.0": [
                            0,
                            0,
                            0
                        ],
                        "0.0833": [
                            1,
                            3,
                            -5
                        ],
                        "0.25": [
                            1,
                            3,
                            -5
                        ],